700.09,-25.000
700.22,-28.000
700.35,10.000
700.47,-25.000
700.60,-21.000
700.73,-13.000
700.86,8.000
700.98,-33.000
701.11,-9.000
701.24,-21.000
701.36,34.000
701.49,27.000
701.62,13.000
701.74,-20.000
701.87,-13.000
702.00,-28.000
702.12,23.000
702.25,-12.000
702.38,23.000
702.50,32.000
702.63,-5.000
702.76,-18.000
702.89,3.000
703.01,12.000
703.14,-20.000
703.27,-24.000
703.39,7.000
703.52,-36.000
703.65,-21.000
703.77,-1.000
703.90,6.000
704.03,1.000
704.15,-22.000
704.28,-3.000
704.41,3.000
704.54,-9.000
704.66,-7.000
704.79,5.000
704.92,8.000
705.04,13.000
705.17,-22.000
705.30,5.000
705.42,-24.000
705.55,3.000
705.68,-12.000
705.80,-15.000
705.93,10.000
706.06,24.000
706.18,-33.000
706.31,42.000
706.44,-1.000
706.56,-7.000
706.69,32.000
706.82,-10.000
706.95,13.000
707.07,10.000
707.20,-15.000
707.33,32.000
707.45,-3.000
707.58,18.000
707.71,-2.000
707.83,23.000
707.96,-15.000
708.09,-15.000
708.21,12.000
708.34,48.000
708.47,-10.000
708.59,-35.000
708.72,24.000
708.85,24.000
708.97,11.000
709.10,-9.000
709.23,4.000
709.35,40.000
709.48,-15.000
709.61,31.000
709.73,24.000
709.86,-13.000
709.99,-17.000
710.12,17.000
710.24,13.000
710.37,23.000
710.50,6.000
710.62,-7.000
710.75,18.000
710.88,-16.000
711.00,12.000
711.13,-3.000
711.26,20.000
711.38,-38.000
711.51,-4.000
711.64,33.000
711.76,-15.000
711.89,-2.000
712.02,43.000
712.14,-24.000
712.27,-12.000
712.40,10.000
712.52,4.000
712.65,-2.000
712.78,-4.000
712.90,4.000
713.03,20.000
713.16,-11.000
713.28,-37.000
713.41,34.000
713.54,-18.000
713.66,3.000
713.79,22.000
713.92,-29.000
714.04,7.000
714.17,3.000
714.30,21.000
714.42,-28.000
714.55,-9.000
714.68,3.000
714.80,-12.000
714.93,-1.000
715.06,12.000
715.18,-22.000
715.31,-37.000
715.44,-13.000
715.56,-19.000
715.69,-27.000
715.82,25.000
715.95,-10.000
716.07,-6.000
716.20,24.000
716.33,-23.000
716.45,-12.000
716.58,-21.000
716.71,-12.000
716.83,-9.000
716.96,-9.000
717.09,-23.000
717.21,17.000
717.34,8.000
717.47,-7.000
717.59,-18.000
717.72,0.000
717.85,-19.000
717.97,-14.000
718.10,18.000
718.23,5.000
718.35,1.000
718.48,-6.000
718.61,-11.000
718.73,4.000
718.86,15.000
718.99,-3.000
719.11,-10.000
719.24,-15.000
719.36,10.000
719.49,40.000
719.62,18.000
719.74,13.000
719.87,32.000
720.00,39.000
720.12,-18.000
720.25,-13.000
720.38,16.000
720.50,-27.000
720.63,17.000
720.76,24.000
720.88,25.000
721.01,-9.000
721.14,1.000
721.26,4.000
721.39,-23.000
721.52,6.000
721.64,-20.000
721.77,-28.000
721.90,-4.000
722.02,-2.000
722.15,-31.000
722.28,21.000
722.40,-11.000
722.53,20.000
722.66,-9.000
722.78,-33.000
722.91,13.000
723.04,-29.000
723.16,-20.000
723.29,-22.000
723.42,-33.000
723.54,13.000
723.67,13.000
723.80,16.000
723.92,1.000
724.05,-4.000
724.18,23.000
724.30,-8.000
724.43,-23.000
724.56,-2.000
724.68,24.000
724.81,-8.000
724.93,-12.000
725.06,0.000
725.19,24.000
725.31,-26.000
725.44,7.000
725.57,-12.000
725.69,-8.000
725.82,-23.000
725.95,-1.000
726.07,-29.000
726.20,-41.000
726.33,-10.000
726.45,19.000
726.58,19.000
726.71,13.000
726.83,-12.000
726.96,12.000
727.09,-17.000
727.21,-22.000
727.34,-6.000
727.47,-2.000
727.59,6.000
727.72,-32.000
727.84,30.000
727.97,10.000
728.10,-11.000
728.22,-24.000
728.35,12.000
728.48,12.000
728.60,5.000
728.73,-29.000
728.86,33.000
728.98,-17.000
729.11,18.000
729.24,-63.000
729.36,-4.000
729.49,-37.000
729.62,10.000
729.74,1.000
729.87,-8.000
730.00,5.000
730.12,-7.000
730.25,13.000
730.37,32.000
730.50,-25.000
730.63,3.000
730.75,-9.000
730.88,42.000
731.01,-10.000
731.13,-33.000
731.26,13.000
731.39,-28.000
731.51,-2.000
731.64,13.000
731.77,-25.000
731.89,-19.000
732.02,1.000
732.14,-14.000
732.27,-15.000
732.40,20.000
732.52,7.000
732.65,8.000
732.78,12.000
732.90,-5.000
733.03,-27.000
733.16,28.000
733.28,-4.000
733.41,-2.000
733.54,16.000
733.66,-2.000
733.79,-20.000
733.91,-17.000
734.04,-15.000
734.17,10.000
734.29,3.000
734.42,1.000
734.55,-23.000
734.67,-10.000
734.80,-18.000
734.93,7.000
735.05,-33.000
735.18,-35.000
735.30,3.000
735.43,-13.000
735.56,-10.000
735.68,4.000
735.81,-9.000
735.94,-3.000
736.06,15.000
736.19,9.000
736.32,-21.000
736.44,-30.000
736.57,-22.000
736.69,-15.000
736.82,13.000
736.95,-3.000
737.07,-15.000
737.20,-26.000
737.33,-4.000
737.45,-38.000
737.58,1.000
737.71,3.000
737.83,-30.000
737.96,-42.000
738.08,12.000
738.21,-2.000
738.34,8.000
738.46,-11.000
738.59,15.000
738.72,-27.000
738.84,6.000
738.97,-16.000
739.10,-11.000
739.22,-5.000
739.35,-47.000
739.47,5.000
739.60,-7.000
739.73,-11.000
739.85,14.000
739.98,-14.000
740.11,41.000
740.23,-7.000
740.36,-39.000
740.48,-16.000
740.61,-28.000
740.74,0.000
740.86,2.000
740.99,-20.000
741.12,-20.000
741.24,21.000
741.37,-20.000
741.49,-9.000
741.62,-35.000
741.75,6.000
741.87,-18.000
742.00,9.000
742.13,-5.000
742.25,-24.000
742.38,14.000
742.50,4.000
742.63,13.000
742.76,1.000
742.88,-20.000
743.01,3.000
743.14,-10.000
743.26,-25.000
743.39,-36.000
743.51,13.000
743.64,-22.000
743.77,-9.000
743.89,20.000
744.02,-20.000
744.15,-37.000
744.27,48.000
744.40,10.000
744.52,-21.000
744.65,-32.000
744.78,-4.000
744.90,-43.000
745.03,-17.000
745.16,-2.000
745.28,-3.000
745.41,-31.000
745.53,-20.000
745.66,0.000
745.79,9.000
745.91,1.000
746.04,-32.000
746.17,-24.000
746.29,0.000
746.42,4.000
746.54,-19.000
746.67,-17.000
746.80,14.000
746.92,-35.000
747.05,6.000
747.17,-7.000
747.30,-3.000
747.43,12.000
747.55,-12.000
747.68,2.000
747.81,-29.000
747.93,-46.000
748.06,4.000
748.18,5.000
748.31,-3.000
748.44,-14.000
748.56,9.000
748.69,-30.000
748.82,-29.000
748.94,1.000
749.07,8.000
749.19,21.000
749.32,-16.000
749.45,8.000
749.57,-4.000
749.70,22.000
749.82,-18.000
749.95,-8.000
750.08,-7.000
750.20,14.000
750.33,-2.000
750.45,17.000
750.58,-26.000
750.71,0.000
750.83,-10.000
750.96,37.000
751.09,-2.000
751.21,7.000
751.34,-24.000
751.46,-21.000
751.59,13.000
751.72,-19.000
751.84,-15.000
751.97,-24.000
752.09,-13.000
752.22,13.000
752.35,18.000
752.47,-7.000
752.60,-29.000
752.72,14.000
752.85,10.000
752.98,-9.000
753.10,-12.000
753.23,1.000
753.36,-9.000
753.48,-19.000
753.61,-2.000
753.73,-43.000
753.86,-15.000
753.99,-13.000
754.11,-14.000
754.24,3.000
754.36,-28.000
754.49,-2.000
754.62,-31.000
754.74,23.000
754.87,-12.000
754.99,-34.000
755.12,-12.000
755.25,-17.000
755.37,7.000
755.50,7.000
755.62,32.000
755.75,-16.000
755.88,18.000
756.00,5.000
756.13,8.000
756.25,-21.000
756.38,-23.000
756.51,-4.000
756.63,-6.000
756.76,-14.000
756.88,0.000
757.01,11.000
757.14,0.000
757.26,-16.000
757.39,16.000
757.51,-4.000
757.64,-40.000
757.77,10.000
757.89,4.000
758.02,-22.000
758.14,-8.000
758.27,4.000
758.40,4.000
758.52,-4.000
758.65,-26.000
758.77,-6.000
758.90,13.000
759.03,-14.000
759.15,2.000
759.28,-16.000
759.40,-8.000
759.53,-8.000
759.66,-58.000
759.78,-15.000
759.91,-17.000
760.03,-22.000
760.16,-21.000
760.29,-8.000
760.41,-6.000
760.54,-23.000
760.66,15.000
760.79,-8.000
760.92,-12.000
761.04,-15.000
761.17,60.000
761.29,-18.000
761.42,-29.000
761.55,-23.000
761.67,8.000
761.80,-7.000
761.92,-1.000
762.05,1.000
762.18,-11.000
762.30,-6.000
762.43,10.000
762.55,-11.000
762.68,-14.000
762.80,-27.000
762.93,6.000
763.06,-10.000
763.18,-10.000
763.31,-16.000
763.43,-16.000
763.56,0.000
763.69,-20.000
763.81,-2.000
763.94,30.000
764.06,-23.000
764.19,-11.000
764.32,-7.000
764.44,-14.000
764.57,-12.000
764.69,-7.000
764.82,2.000
764.94,8.000
765.07,-18.000
765.20,-9.000
765.32,-20.000
765.45,-6.000
765.57,33.000
765.70,9.000
765.83,-23.000
765.95,16.000
766.08,11.000
766.20,-29.000
766.33,-27.000
766.46,-16.000
766.58,-24.000
766.71,-8.000
766.83,-54.000
766.96,8.000
767.08,43.000
767.21,-15.000
767.34,12.000
767.46,-9.000
767.59,2.000
767.71,-65.000
767.84,7.000
767.97,1.000
768.09,-9.000
768.22,8.000
768.34,-10.000
768.47,20.000
768.59,30.000
768.72,-21.000
768.85,-4.000
768.97,-24.000
769.10,37.000
769.22,-22.000
769.35,20.000
769.47,-16.000
769.60,-24.000
769.73,-4.000
769.85,27.000
769.98,12.000
770.10,-28.000
770.23,17.000
770.36,-20.000
770.48,-16.000
770.61,-9.000
770.73,-8.000
770.86,27.000
770.98,-7.000
771.11,-47.000
771.24,4.000
771.36,-3.000
771.49,47.000
771.61,40.000
771.74,-11.000
771.86,-48.000
771.99,-11.000
772.12,-24.000
772.24,12.000
772.37,-17.000
772.49,-3.000
772.62,-3.000
772.74,-12.000
772.87,-4.000
773.00,-14.000
773.12,5.000
773.25,2.000
773.37,-19.000
773.50,8.000
773.62,-6.000
773.75,-18.000
773.88,-10.000
774.00,22.000
774.13,-26.000
774.25,14.000
774.38,14.000
774.50,42.000
774.63,2.000
774.76,22.000
774.88,4.000
775.01,-6.000
775.13,21.000
775.26,-38.000
775.38,8.000
775.51,-35.000
775.64,-17.000
775.76,-32.000
775.89,-9.000
776.01,0.000
776.14,-17.000
776.26,-8.000
776.39,8.000
776.52,-23.000
776.64,-17.000
776.77,-10.000
776.89,-4.000
777.02,-55.000
777.14,12.000
777.27,-15.000
777.40,-6.000
777.52,4.000
777.65,-26.000
777.77,-2.000
777.90,5.000
778.02,-32.000
778.15,-25.000
778.27,-10.000
778.40,18.000
778.53,-23.000
778.65,-39.000
778.78,18.000
778.90,-8.000
779.03,11.000
779.15,-13.000
779.28,20.000
779.41,26.000
779.53,-13.000
779.66,10.000
779.78,-27.000
779.91,4.000
780.03,-7.000
780.16,-13.000
780.28,3.000
780.41,-17.000
780.54,-37.000
780.66,-3.000
780.79,17.000
780.91,-43.000
781.04,3.000
781.16,-12.000
781.29,-10.000
781.42,-2.000
781.54,-12.000
781.67,19.000
781.79,21.000
781.92,-14.000
782.04,10.000
782.17,0.000
782.29,-23.000
782.42,-22.000
782.55,-9.000
782.67,-16.000
782.80,9.000
782.92,-40.000
783.05,-32.000
783.17,-8.000
783.30,-2.000
783.42,25.000
783.55,23.000
783.68,-17.000
783.80,-12.000
783.93,-34.000
784.05,34.000
784.18,-28.000
784.30,4.000
784.43,-26.000
784.55,-11.000
784.68,0.000
784.80,-24.000
784.93,-28.000
785.06,-4.000
785.18,18.000
785.31,15.000
785.43,4.000
785.56,9.000
785.68,22.000
785.81,-1.000
785.93,20.000
786.06,5.000
786.19,19.000
786.31,22.000
786.44,-34.000
786.56,8.000
786.69,24.000
786.81,-14.000
786.94,-8.000
787.06,-8.000
787.19,-28.000
787.31,-5.000
787.44,2.000
787.57,13.000
787.69,3.000
787.82,11.000
787.94,8.000
788.07,0.000
788.19,-19.000
788.32,11.000
788.44,-10.000
788.57,-36.000
788.69,5.000
788.82,6.000
788.95,-7.000
789.07,-8.000
789.20,-10.000
789.32,-9.000
789.45,41.000
789.57,-21.000
789.70,21.000
789.82,25.000
789.95,18.000
790.07,5.000
790.20,10.000
790.33,4.000
790.45,19.000
790.58,31.000
790.70,57.000
790.83,35.000
790.95,8.000
791.08,26.000
791.20,19.000
791.33,18.000
791.45,29.000
791.58,43.000
791.70,48.000
791.83,33.000
791.96,46.000
792.08,76.000
792.21,69.000
792.33,73.000
792.46,109.000
792.58,73.000
792.71,108.000
792.83,75.000
792.96,85.000
793.08,99.000
793.21,114.000
793.33,112.000
793.46,108.000
793.59,155.000
793.71,139.000
793.84,156.000
793.96,153.000
794.09,162.000
794.21,177.000
794.34,203.000
794.46,141.000
794.59,224.000
794.71,149.000
794.84,177.000
794.96,166.000
795.09,218.000
795.21,232.000
795.34,210.000
795.47,201.000
795.59,280.000
795.72,235.000
795.84,279.000
795.97,246.000
796.09,229.000
796.22,247.000
796.34,260.000
796.47,241.000
796.59,243.000
796.72,246.000
796.84,275.000
796.97,263.000
797.09,260.000
797.22,259.000
797.35,258.000
797.47,293.000
797.60,272.000
797.72,240.000
797.85,267.000
797.97,251.000
798.10,243.000
798.22,287.000
798.35,316.000
798.47,274.000
798.60,282.000
798.72,257.000
798.85,226.000
798.97,348.000
799.10,251.000
799.22,239.000
799.35,312.000
799.47,235.000
799.60,262.000
799.73,257.000
799.85,207.000
799.98,251.000
800.10,254.000
800.23,228.000
800.35,234.000
800.48,254.000
800.60,249.000
800.73,168.000
800.85,238.000
800.98,187.000
801.10,229.000
801.23,192.000
801.35,197.000
801.48,164.000
801.60,161.000
801.73,154.000
801.85,154.000
801.98,156.000
802.10,161.000
802.23,188.000
802.35,183.000
802.48,133.000
802.60,99.000
802.73,114.000
802.86,105.000
802.98,130.000
803.11,108.000
803.23,98.000
803.36,78.000
803.48,98.000
803.61,73.000
803.73,44.000
803.86,69.000
803.98,70.000
804.11,100.000
804.23,32.000
804.36,62.000
804.48,25.000
804.61,13.000
804.73,33.000
804.86,28.000
804.98,38.000
805.11,57.000
805.23,54.000
805.36,-1.000
805.48,29.000
805.61,24.000
805.73,-5.000
805.86,-1.000
805.98,4.000
806.11,10.000
806.23,32.000
806.36,14.000
806.48,11.000
806.61,26.000
806.73,8.000
806.86,27.000
806.99,20.000
807.11,-4.000
807.24,18.000
807.36,6.000
807.49,5.000
807.61,-11.000
807.74,-14.000
807.86,6.000
807.99,20.000
808.11,-9.000
808.24,20.000
808.36,-3.000
808.49,45.000
808.61,-8.000
808.74,-22.000
808.86,-9.000
808.99,8.000
809.11,-17.000
809.24,-21.000
809.36,10.000
809.49,-13.000
809.61,-20.000
809.74,9.000
809.86,-13.000
809.99,1.000
810.11,-3.000
810.24,-33.000
810.36,-20.000
810.49,3.000
810.61,9.000
810.74,-27.000
810.86,-14.000
810.99,-18.000
811.11,5.000
811.24,-29.000
811.36,39.000
811.49,-34.000
811.61,-5.000
811.74,-1.000
811.86,-5.000
811.99,1.000
812.11,1.000
812.24,-9.000
812.36,19.000
812.49,-23.000
812.61,3.000
812.74,15.000
812.86,-11.000
812.99,19.000
813.11,-7.000
813.24,5.000
813.36,10.000
813.49,-4.000
813.61,-15.000
813.74,4.000
813.86,27.000
813.99,-16.000
814.11,-19.000
814.24,-15.000
814.36,-15.000
814.49,-26.000
814.61,24.000
814.74,11.000
814.86,7.000
814.99,17.000
815.11,-10.000
815.24,-30.000
815.36,-16.000
815.49,34.000
815.61,-26.000
815.74,4.000
815.86,2.000
815.99,5.000
816.11,-17.000
816.24,-5.000
816.36,12.000
816.49,15.000
816.61,-47.000
816.74,-12.000
816.86,-24.000
816.99,14.000
817.11,-9.000
817.24,-20.000
817.36,0.000
817.49,13.000
817.61,4.000
817.74,20.000
817.86,6.000
817.98,-11.000
818.11,0.000
818.23,7.000
818.36,6.000
818.48,1.000
818.61,29.000
818.73,12.000
818.86,3.000
818.98,-4.000
819.11,-27.000
819.23,-4.000
819.36,9.000
819.48,13.000
819.61,-18.000
819.73,-42.000
819.86,17.000
819.98,-13.000
820.11,40.000
820.23,29.000
820.36,31.000
820.48,2.000
820.61,27.000
820.73,4.000
820.86,-10.000
820.98,-5.000
821.11,3.000
821.23,-16.000
821.36,-16.000
821.48,27.000
821.61,-1.000
821.73,-16.000
821.86,3.000
821.98,-15.000
822.10,-7.000
822.23,4.000
822.35,1.000
822.48,-11.000
822.60,27.000
822.73,-5.000
822.85,28.000
822.98,10.000
823.10,-14.000
823.23,-11.000
823.35,-30.000
823.48,4.000
823.60,3.000
823.73,-27.000
823.85,20.000
823.98,-2.000
824.10,24.000
824.23,18.000
824.35,21.000
824.48,-14.000
824.60,-12.000
824.73,3.000
824.85,31.000
824.97,13.000
825.10,-26.000
825.22,16.000
825.35,15.000
825.47,-31.000
825.60,27.000
825.72,3.000
825.83,-7.000
825.96,-30.000
826.08,-8.000
826.21,-30.000
826.33,33.000
826.46,-43.000
826.59,16.000
826.71,4.000
826.84,21.000
826.97,14.000
827.09,-20.000
827.22,21.000
827.34,-9.000
827.47,-4.000
827.60,7.000
827.72,6.000
827.85,-18.000
827.98,-2.000
828.10,-8.000
828.23,7.000
828.35,2.000
828.48,-7.000
828.61,14.000
828.73,-15.000
828.86,-2.000
828.99,-16.000
829.11,-5.000
829.24,-10.000
829.36,36.000
829.49,-10.000
829.62,25.000
829.74,-13.000
829.87,12.000
829.99,-19.000
830.12,-32.000
830.25,5.000
830.37,9.000
830.50,-4.000
830.63,-10.000
830.75,27.000
830.88,-21.000
831.00,17.000
831.13,-16.000
831.26,44.000
831.38,-36.000
831.51,6.000
831.64,20.000
831.76,-11.000
831.89,19.000
832.01,11.000
832.14,8.000
832.27,2.000
832.39,10.000
832.52,7.000
832.64,-7.000
832.77,-19.000
832.90,43.000
833.02,-2.000
833.15,-24.000
833.28,-13.000
833.40,8.000
833.53,2.000
833.65,4.000
833.78,-40.000
833.91,-24.000
834.03,27.000
834.16,-6.000
834.28,-36.000
834.41,-32.000
834.54,-35.000
834.66,-6.000
834.79,12.000
834.92,29.000
835.04,-19.000
835.17,16.000
835.29,-16.000
835.42,17.000
835.55,-8.000
835.67,9.000
835.80,-7.000
835.92,25.000
836.05,2.000
836.18,-19.000
836.30,32.000
836.43,53.000
836.55,5.000
836.68,12.000
836.81,4.000
836.93,-36.000
837.06,4.000
837.19,-22.000
837.31,-5.000
837.44,1.000
837.56,20.000
837.69,-6.000
837.82,18.000
837.94,36.000
838.07,-28.000
838.19,10.000
838.32,-23.000
838.45,-23.000
838.57,-13.000
838.70,-11.000
838.82,3.000
838.95,24.000
839.08,3.000
839.20,23.000
839.33,-14.000
839.45,8.000
839.58,43.000
839.71,-20.000
839.83,6.000
839.96,-3.000
840.08,8.000
840.21,-4.000
840.34,-19.000
840.46,12.000
840.59,-21.000
840.72,11.000
840.84,-3.000
840.97,12.000
841.09,-13.000
841.22,8.000
841.35,8.000
841.47,-28.000
841.60,14.000
841.72,-4.000
841.85,2.000
841.98,32.000
842.10,44.000
842.23,-6.000
842.35,-4.000
842.48,-8.000
842.61,-7.000
842.73,6.000
842.86,20.000
842.98,2.000
843.11,-33.000
843.24,22.000
843.36,10.000
843.49,34.000
843.61,17.000
843.74,30.000
843.87,-27.000
843.99,-10.000
844.12,16.000
844.24,8.000
844.37,81.000
844.50,32.000
844.62,34.000
844.75,5.000
844.87,-21.000
845.00,-1.000
845.12,9.000
845.25,0.000
845.38,-10.000
845.50,-28.000
845.63,-3.000
845.75,-10.000
845.88,-20.000
846.01,-1.000
846.13,30.000
846.26,6.000
846.38,2.000
846.51,28.000
846.64,4.000
846.76,26.000
846.89,36.000
847.01,54.000
847.14,30.000
847.27,50.000
847.39,34.000
847.52,12.000
847.64,48.000
847.77,30.000
847.90,36.000
848.02,36.000
848.15,55.000
848.27,49.000
848.40,12.000
848.52,49.000
848.65,8.000
848.78,52.000
848.90,28.000
849.03,10.000
849.15,46.000
849.28,58.000
849.41,57.000
849.53,41.000
849.66,39.000
849.78,36.000
849.91,8.000
850.04,39.000
850.16,73.000
850.29,31.000
850.41,33.000
850.54,84.000
850.66,79.000
850.79,132.000
850.92,77.000
851.04,66.000
851.17,52.000
851.29,70.000
851.42,66.000
851.55,69.000
851.67,75.000
851.80,79.000
851.92,101.000
852.05,73.000
852.18,66.000
852.30,77.000
852.43,82.000
852.55,105.000
852.68,85.000
852.80,83.000
852.93,104.000
853.06,112.000
853.18,62.000
853.31,113.000
853.43,79.000
853.56,95.000
853.69,71.000
853.81,119.000
853.94,69.000
854.06,145.000
854.19,119.000
854.31,111.000
854.44,128.000
854.57,109.000
854.69,104.000
854.82,153.000
854.94,96.000
855.07,114.000
855.19,89.000
855.32,145.000
855.45,93.000
855.57,133.000
855.70,114.000
855.82,128.000
855.95,128.000
856.08,138.000
856.20,73.000
856.33,142.000
856.45,99.000
856.58,126.000
856.70,122.000
856.83,101.000
856.96,145.000
857.08,92.000
857.21,141.000
857.33,109.000
857.46,142.000
857.58,114.000
857.71,140.000
857.84,130.000
857.96,180.000
858.09,104.000
858.21,123.000
858.34,113.000
858.46,165.000
858.59,114.000
858.72,165.000
858.84,154.000
858.97,161.000
859.09,148.000
859.22,176.000
859.34,151.000
859.47,157.000
859.60,154.000
859.72,128.000
859.85,153.000
859.97,190.000
860.10,105.000
860.22,152.000
860.35,143.000
860.48,205.000
860.60,157.000
860.73,138.000
860.85,135.000
860.98,141.000
861.10,148.000
861.23,126.000
861.36,126.000
861.48,112.000
861.61,165.000
861.73,165.000
861.86,139.000
861.98,139.000
862.11,171.000
862.24,147.000
862.36,118.000
862.49,101.000
862.61,138.000
862.74,149.000
862.86,111.000
862.99,99.000
863.11,122.000
863.24,121.000
863.37,116.000
863.49,135.000
863.62,144.000
863.74,99.000
863.87,117.000
863.99,120.000
864.12,110.000
864.25,124.000
864.37,104.000
864.50,138.000
864.62,134.000
864.75,91.000
864.87,72.000
865.00,154.000
865.13,159.000
865.25,157.000
865.38,174.000
865.50,120.000
865.63,135.000
865.75,135.000
865.88,101.000
866.00,134.000
866.13,140.000
866.26,103.000
866.38,134.000
866.51,125.000
866.63,134.000
866.76,117.000
866.88,101.000
867.01,136.000
867.13,83.000
867.26,120.000
867.39,85.000
867.51,76.000
867.64,73.000
867.76,117.000
867.89,116.000
868.01,67.000
868.14,89.000
868.26,109.000
868.39,97.000
868.52,120.000
868.64,107.000
868.77,111.000
868.89,90.000
869.02,123.000
869.14,117.000
869.27,92.000
869.39,100.000
869.52,85.000
869.65,64.000
869.77,75.000
869.90,112.000
870.02,59.000
870.15,122.000
870.27,119.000
870.40,56.000
870.52,74.000
870.65,47.000
870.78,135.000
870.90,68.000
871.03,43.000
871.15,80.000
871.28,126.000
871.40,55.000
871.53,43.000
871.65,53.000
871.78,76.000
871.91,74.000
872.03,63.000
872.16,57.000
872.28,42.000
872.41,64.000
872.53,56.000
872.66,54.000
872.78,39.000
872.91,55.000
873.03,49.000
873.16,49.000
873.29,92.000
873.41,78.000
873.54,67.000
873.66,61.000
873.79,34.000
873.91,57.000
874.04,110.000
874.16,42.000
874.29,92.000
874.41,80.000
874.54,39.000
874.67,57.000
874.79,66.000
874.92,40.000
875.04,49.000
875.17,45.000
875.29,51.000
875.42,30.000
875.54,20.000
875.67,32.000
875.79,14.000
875.92,48.000
876.05,42.000
876.17,37.000
876.30,45.000
876.42,44.000
876.55,26.000
876.67,23.000
876.80,29.000
876.92,34.000
877.05,5.000
877.17,65.000
877.30,40.000
877.42,33.000
877.55,22.000
877.68,24.000
877.80,41.000
877.93,41.000
878.05,18.000
878.18,52.000
878.30,52.000
878.43,19.000
878.55,13.000
878.68,23.000
878.80,37.000
878.93,13.000
879.05,47.000
879.18,25.000
879.31,48.000
879.43,12.000
879.56,8.000
879.68,64.000
879.81,23.000
879.93,31.000
880.06,57.000
880.18,28.000
880.31,19.000
880.43,33.000
880.56,8.000
880.68,42.000
880.81,-8.000
880.93,36.000
881.06,8.000
881.19,41.000
881.31,29.000
881.44,10.000
881.56,-6.000
881.69,12.000
881.81,-21.000
881.94,10.000
882.06,-4.000
882.19,9.000
882.31,-17.000
882.44,-10.000
882.56,18.000
882.69,26.000
882.81,-14.000
882.94,34.000
883.07,0.000
883.19,3.000
883.32,30.000
883.44,29.000
883.57,-18.000
883.69,0.000
883.82,15.000
883.94,10.000
884.07,4.000
884.19,26.000
884.32,35.000
884.44,-20.000
884.57,0.000
884.69,-26.000
884.82,-23.000
884.94,9.000
885.07,-21.000
885.19,-17.000
885.32,17.000
885.45,-5.000
885.57,29.000
885.70,4.000
885.82,-22.000
885.95,20.000
886.07,37.000
886.20,6.000
886.32,12.000
886.45,11.000
886.57,4.000
886.70,1.000
886.82,-13.000
886.95,15.000
887.07,4.000
887.20,10.000
887.32,17.000
887.45,-6.000
887.57,40.000
887.70,-4.000
887.82,21.000
887.95,-18.000
888.08,3.000
888.20,-12.000
888.33,-29.000
888.45,-30.000
888.58,-6.000
888.70,39.000
888.83,-11.000
888.95,15.000
889.08,-12.000
889.20,8.000
889.33,-17.000
889.45,11.000
889.58,-13.000
889.70,-19.000
889.83,-31.000
889.95,24.000
890.08,24.000
890.20,27.000
890.33,-34.000
890.45,10.000
890.58,-11.000
890.70,-8.000
890.83,-27.000
890.95,-10.000
891.08,-2.000
891.20,28.000
891.33,-34.000
891.45,11.000
891.58,-32.000
891.71,-6.000
891.83,-25.000
891.96,-17.000
892.08,-1.000
892.21,2.000
892.33,13.000
892.46,0.000
892.58,11.000
892.71,33.000
892.83,-14.000
892.96,-21.000
893.08,22.000
893.21,-9.000
893.33,-8.000
893.46,-19.000
893.58,9.000
893.71,-17.000
893.83,5.000
893.96,-21.000
894.08,15.000
894.21,12.000
894.33,-5.000
894.46,-11.000
894.58,-9.000
894.71,-1.000
894.83,-38.000
894.96,-3.000
895.08,-47.000
895.21,-27.000
895.33,0.000
895.46,3.000
895.58,-18.000
895.71,-1.000
895.83,-25.000
895.96,10.000
896.08,-13.000
896.21,3.000
896.33,-21.000
896.46,-5.000
896.58,-4.000
896.71,-10.000
896.83,-20.000
896.96,2.000
897.08,-12.000
897.21,15.000
897.33,-9.000
897.46,10.000
897.58,17.000
897.71,24.000
897.83,25.000
897.96,-22.000
898.08,-20.000
898.21,5.000
898.33,-8.000
898.46,31.000
898.58,2.000
898.71,-23.000
898.83,-4.000
898.96,-19.000
899.08,1.000
899.21,-4.000
899.33,12.000
899.46,-30.000
899.58,-57.000
899.71,-6.000
899.83,-4.000
899.96,-48.000
900.08,-18.000
900.21,12.000
900.33,-1.000
900.46,-7.000
900.58,-2.000
900.71,-25.000
900.83,9.000
900.96,-25.000
901.08,17.000
901.21,-16.000
901.33,-19.000
901.46,-6.000
901.58,-1.000
901.71,-2.000
901.83,2.000
901.96,5.000
902.08,13.000
902.21,-6.000
902.33,-14.000
902.46,15.000
902.58,-23.000
902.71,5.000
902.83,-12.000
902.96,-9.000
903.08,-16.000
903.21,20.000
903.33,-17.000
903.46,-16.000
903.58,-2.000
903.71,-22.000
903.83,-18.000
903.96,13.000
904.08,-4.000
904.21,-44.000
904.33,-19.000
904.46,9.000
904.58,-50.000
904.71,11.000
904.83,-15.000
904.96,1.000
905.08,7.000
905.21,-15.000
905.33,-22.000
905.46,-9.000
905.58,-10.000
905.71,-24.000
905.83,-51.000
905.96,-45.000
906.08,34.000
906.21,-18.000
906.33,1.000
906.46,-33.000
906.58,-1.000
906.70,-24.000
906.83,-5.000
906.95,-11.000
907.08,-8.000
907.20,-12.000
907.33,20.000
907.45,6.000
907.58,-20.000
907.70,-6.000
907.83,-5.000
907.95,-27.000
908.08,0.000
908.20,-16.000
908.33,-28.000
908.45,-16.000
908.58,6.000
908.70,14.000
908.83,-13.000
908.95,-6.000
909.08,8.000
909.20,-15.000
909.33,-11.000
909.45,1.000
909.58,-31.000
909.70,-14.000
909.83,-22.000
909.95,10.000
910.07,20.000
910.20,-40.000
910.32,-17.000
910.45,4.000
910.57,0.000
910.70,-20.000
910.82,5.000
910.95,-26.000
911.07,-18.000
911.20,18.000
911.32,-25.000
911.45,-3.000
911.57,-3.000
911.70,10.000
911.82,-27.000
911.95,9.000
912.07,-11.000
912.20,3.000
912.32,0.000
912.45,18.000
912.57,10.000
912.70,-3.000
912.82,-5.000
912.94,-11.000
913.07,36.000
913.19,-8.000
913.32,-27.000
913.44,2.000
913.57,-5.000
913.69,-35.000
913.82,1.000
913.94,-17.000
914.07,7.000
914.19,3.000
914.32,-18.000
914.44,-35.000
914.57,-15.000
914.69,-4.000
914.82,6.000
914.94,6.000
915.06,0.000
915.19,-10.000
915.31,0.000
915.44,-8.000
915.56,-1.000
915.69,-21.000
915.81,-4.000
915.94,15.000
916.06,17.000
916.19,-20.000
916.31,-35.000
916.44,-36.000
916.56,8.000
916.69,8.000
916.81,-19.000
916.93,-38.000
917.06,3.000
917.18,-3.000
917.31,5.000
917.43,-13.000
917.56,-14.000
917.68,5.000
917.81,-18.000
917.93,-11.000
918.06,25.000
918.18,-39.000
918.31,-14.000
918.43,-22.000
918.56,-40.000
918.68,-46.000
918.80,-12.000
918.93,-26.000
919.05,-16.000
919.18,8.000
919.30,22.000
919.43,-14.000
919.55,15.000
919.68,-29.000
919.80,-18.000
919.93,-16.000
920.05,-28.000
920.18,1.000
920.30,1.000
920.42,-30.000
920.55,-7.000
920.67,-4.000
920.80,3.000
920.92,-11.000
921.05,-24.000
921.17,-9.000
921.30,4.000
921.42,-11.000
921.55,3.000
921.67,-25.000
921.79,-12.000
921.92,-30.000
922.04,-26.000
922.17,-9.000
922.29,13.000
922.42,-37.000
922.54,-36.000
922.67,11.000
922.79,-6.000
922.92,-23.000
923.04,-9.000
923.16,-39.000
923.29,-4.000
923.41,18.000
923.54,-9.000
923.66,-21.000
923.79,-16.000
923.91,-1.000
924.04,1.000
924.16,-1.000
924.29,-5.000
924.41,-29.000
924.53,-9.000
924.66,10.000
924.78,-12.000
924.91,6.000
925.03,10.000
925.16,15.000
925.28,-20.000
925.41,-25.000
925.53,-5.000
925.65,10.000
925.78,-56.000
925.90,-11.000
926.03,-15.000
926.15,-33.000
926.28,-8.000
926.40,2.000
926.53,19.000
926.65,-33.000
926.78,-21.000
926.90,-8.000
927.02,-41.000
927.15,-16.000
927.27,3.000
927.40,-36.000
927.52,-13.000
927.65,-11.000
927.77,-23.000
927.90,14.000
928.02,-30.000
928.14,-9.000
928.27,-24.000
928.39,-21.000
928.52,-37.000
928.64,-24.000
928.77,26.000
928.89,-4.000
929.02,12.000
929.14,-6.000
929.26,31.000
929.39,2.000
929.51,-29.000
929.64,-9.000
929.76,-2.000
929.89,-28.000
930.01,-19.000
930.13,-5.000
930.26,-33.000
930.38,-10.000
930.51,10.000
930.63,6.000
930.76,-8.000
930.88,-18.000
931.01,-21.000
931.13,-5.000
931.25,-2.000
931.38,-15.000
931.50,-6.000
931.63,-30.000
931.75,22.000
931.88,-35.000
932.00,-18.000
932.12,-2.000
932.25,10.000
932.37,-23.000
932.50,-9.000
932.62,-18.000
932.75,-26.000
932.87,21.000
933.00,-17.000
933.12,-21.000
933.24,-4.000
933.37,-15.000
933.49,-11.000
933.62,-22.000
933.74,-19.000
933.87,-11.000
933.99,4.000
934.11,-14.000
934.24,33.000
934.36,-15.000
934.49,-14.000
934.61,11.000
934.74,-20.000
934.86,-25.000
934.98,-61.000
935.11,13.000
935.23,1.000
935.36,-36.000
935.48,-7.000
935.61,-43.000
935.73,14.000
935.85,-20.000
935.98,15.000
936.10,-23.000
936.23,-12.000
936.35,7.000
936.48,-6.000
936.60,-4.000
936.72,-14.000
936.85,9.000
936.97,-25.000
937.10,7.000
937.22,-20.000
937.35,-19.000
937.47,-18.000
937.59,-50.000
937.72,-8.000
937.84,11.000
937.97,-3.000
938.09,-8.000
938.22,3.000
938.34,5.000
938.46,-24.000
938.59,53.000
938.71,-3.000
938.84,-12.000
938.96,-28.000
939.09,-15.000
939.21,-7.000
939.33,21.000
939.46,5.000
939.58,-31.000
939.71,-14.000
939.83,6.000
939.95,2.000
940.08,-4.000
940.20,-10.000
940.33,4.000
940.45,7.000
940.58,6.000
940.70,31.000
940.82,-11.000
940.95,16.000
941.07,-20.000
941.20,-23.000
941.32,33.000
941.44,-42.000
941.57,39.000
941.69,-21.000
941.82,-19.000
941.94,5.000
942.07,-18.000
942.19,-38.000
942.31,-30.000
942.44,-6.000
942.56,21.000
942.69,-19.000
942.81,-5.000
942.93,-28.000
943.06,22.000
943.18,-32.000
943.31,4.000
943.43,-35.000
943.56,-16.000
943.68,-17.000
943.80,-7.000
943.93,-14.000
944.05,22.000
944.18,-27.000
944.30,38.000
944.42,-28.000
944.55,-36.000
944.67,29.000
944.80,-17.000
944.92,-7.000
945.04,-6.000
945.17,-23.000
945.29,-31.000
945.42,27.000
945.54,-38.000
945.67,-20.000
945.79,-50.000
945.91,-16.000
946.04,-29.000
946.16,-2.000
946.29,-16.000
946.41,34.000
946.53,-20.000
946.66,-5.000
946.78,3.000
946.91,-17.000
947.03,11.000
947.15,6.000
947.28,-18.000
947.40,-13.000
947.53,-21.000
947.65,-40.000
947.77,-21.000
947.90,-42.000
948.02,-45.000
948.08,-2.000
948.21,-44.000
948.33,14.000
948.46,-46.000
948.58,-16.000
948.71,-7.000
948.83,-9.000
948.96,-2.000
949.09,-5.000
949.21,18.000
949.34,6.000
949.46,-6.000
949.59,26.000
949.71,-14.000
949.84,-31.000
949.96,-20.000
950.09,-57.000
950.22,-11.000
950.34,-31.000
950.47,-26.000
950.59,12.000
950.72,9.000
950.84,-22.000
950.97,-5.000
951.09,-13.000
951.22,9.000
951.35,-14.000
951.47,-13.000
951.60,-23.000
951.72,0.000
951.85,-27.000
951.97,-36.000
952.10,-26.000
952.22,15.000
952.35,-32.000
952.48,-1.000
952.60,-12.000
952.73,9.000
952.85,-21.000
952.98,3.000
953.10,0.000
953.23,0.000
953.35,12.000
953.48,-46.000
953.61,-3.000
953.73,-17.000
953.86,5.000
953.98,-37.000
954.11,12.000
954.23,3.000
954.36,-12.000
954.48,20.000
954.61,10.000
954.74,2.000
954.86,-2.000
954.99,-39.000
955.11,-7.000
955.24,37.000
955.36,4.000
955.49,-39.000
955.61,2.000
955.74,-34.000
955.86,-24.000
955.99,-8.000
956.12,-18.000
956.24,-42.000
956.37,-12.000
956.49,-17.000
956.62,-8.000
956.74,-9.000
956.87,-15.000
956.99,-24.000
957.12,-13.000
957.24,-10.000
957.37,-2.000
957.50,-14.000
957.62,-12.000
957.75,-37.000
957.87,-16.000
958.00,22.000
958.12,-11.000
958.25,-24.000
958.37,-13.000
958.50,-26.000
958.62,6.000
958.75,-45.000
958.88,-42.000
959.00,-19.000
959.13,1.000
959.25,-10.000
959.38,-9.000
959.50,-9.000
959.63,-17.000
959.75,20.000
959.88,-13.000
960.00,-12.000
960.13,22.000
960.26,-44.000
960.38,-16.000
960.51,-33.000
960.63,20.000
960.76,-5.000
960.88,15.000
961.01,1.000
961.13,-8.000
961.26,-23.000
961.38,-21.000
961.51,21.000
961.63,-30.000
961.76,15.000
961.89,-12.000
962.01,-6.000
962.14,25.000
962.26,-35.000
962.39,-3.000
962.51,-24.000
962.64,-12.000
962.76,-43.000
962.89,-11.000
963.01,10.000
963.14,-1.000
963.26,-8.000
963.39,6.000
963.52,-5.000
963.64,-29.000
963.77,-26.000
963.89,-7.000
964.02,-18.000
964.14,-5.000
964.27,1.000
964.39,0.000
964.52,-32.000
964.64,-7.000
964.77,-1.000
964.89,-7.000
965.02,-35.000
965.14,-39.000
965.27,-5.000
965.39,-3.000
965.52,8.000
965.65,-10.000
965.77,-25.000
965.90,3.000
966.02,-33.000
966.15,-15.000
966.27,-13.000
966.40,-2.000
966.52,-5.000
966.65,-6.000
966.77,-26.000
966.90,-12.000
967.02,-43.000
967.15,-5.000
967.27,-30.000
967.40,5.000
967.53,-10.000
967.65,-20.000
967.78,-12.000
967.90,-6.000
968.03,-35.000
968.15,-15.000
968.28,-7.000
968.40,8.000
968.53,20.000
968.65,-13.000
968.78,-26.000
968.90,-21.000
969.03,16.000
969.15,-28.000
969.28,11.000
969.40,-13.000
969.53,19.000
969.65,-31.000
969.78,16.000
969.90,2.000
970.03,-6.000
970.16,-29.000
970.28,5.000
970.41,-19.000
970.53,-17.000
970.66,-35.000
970.78,-13.000
970.91,7.000
971.03,29.000
971.16,-23.000
971.28,9.000
971.41,-5.000
971.53,-22.000
971.66,-8.000
971.78,-24.000
971.91,-38.000
972.03,7.000
972.16,14.000
972.28,9.000
972.41,15.000
972.53,-39.000
972.66,-17.000
972.78,-11.000
972.91,-23.000
973.04,-18.000
973.16,-15.000
973.29,0.000
973.41,-22.000
973.54,-46.000
973.66,-17.000
973.79,18.000
973.91,-30.000
974.04,-14.000
974.16,-31.000
974.29,-19.000
974.41,0.000
974.54,-1.000
974.66,15.000
974.79,-17.000
974.91,-4.000
975.04,-12.000
975.16,-9.000
975.29,-13.000
975.41,-4.000
975.54,-48.000
975.66,11.000
975.79,-35.000
975.91,-25.000
976.04,23.000
976.16,-16.000
976.29,-15.000
976.41,20.000
976.54,-43.000
976.66,-6.000
976.79,-24.000
976.91,-17.000
977.04,-31.000
977.16,6.000
977.29,-34.000
977.42,1.000
977.54,-3.000
977.67,15.000
977.79,-15.000
977.92,13.000
978.04,-14.000
978.17,-18.000
978.29,-24.000
978.42,-6.000
978.54,-24.000
978.67,18.000
978.79,-8.000
978.92,-18.000
979.04,21.000
979.17,-7.000
979.29,-16.000
979.42,1.000
979.54,-11.000
979.67,-32.000
979.79,-28.000
979.92,0.000
980.04,-6.000
980.17,-9.000
980.29,4.000
980.42,-7.000
980.54,-31.000
980.67,9.000
980.79,-46.000
980.92,-23.000
981.04,1.000
981.17,-42.000
981.29,20.000
981.42,-21.000
981.54,-14.000
981.67,22.000
981.79,-2.000
981.92,-31.000
982.04,7.000
982.17,-3.000
982.29,-19.000
982.42,6.000
982.54,-39.000
982.67,-17.000
982.79,-22.000
982.92,2.000
983.04,-18.000
983.17,-2.000
983.29,-37.000
983.42,-6.000
983.54,7.000
983.67,-55.000
983.79,-6.000
983.92,-16.000
984.04,10.000
984.17,-30.000
984.29,-12.000
984.42,-4.000
984.54,4.000
984.67,-30.000
984.79,-14.000
984.92,-32.000
985.04,-23.000
985.17,-26.000
985.29,-14.000
985.42,-28.000
985.54,-16.000
985.67,-46.000
985.79,-21.000
985.92,-12.000
986.04,-13.000
986.17,-3.000
986.29,-8.000
986.42,-18.000
986.54,12.000
986.67,-17.000
986.79,-4.000
986.92,-9.000
987.04,-3.000
987.17,4.000
987.29,-7.000
987.42,-8.000
987.54,14.000
987.67,-42.000
987.79,34.000
987.92,-32.000
988.04,9.000
988.17,5.000
988.29,-23.000
988.42,10.000
988.54,-4.000
988.67,-5.000
988.79,-25.000
988.91,-31.000
989.04,-15.000
989.16,-21.000
989.29,-15.000
989.41,-35.000
989.54,13.000
989.66,-16.000
989.79,-15.000
989.91,-40.000
990.04,-24.000
990.16,-25.000
990.29,13.000
990.41,9.000
990.54,-38.000
990.66,-2.000
990.79,12.000
990.91,-10.000
991.04,-25.000
991.16,-32.000
991.29,-23.000
991.41,4.000
991.54,9.000
991.66,18.000
991.79,-23.000
991.91,3.000
992.04,30.000
992.16,-5.000
992.29,12.000
992.41,7.000
992.54,-16.000
992.66,-44.000
992.79,-8.000
992.91,5.000
993.04,-16.000
993.16,1.000
993.28,22.000
993.41,-35.000
993.53,-2.000
993.66,-32.000
993.78,-24.000
993.91,-26.000
994.03,-26.000
994.16,-20.000
994.28,-17.000
994.41,0.000
994.53,-34.000
994.66,-23.000
994.78,30.000
994.91,-24.000
995.03,-29.000
995.16,-14.000
995.28,-13.000
995.41,-15.000
995.53,35.000
995.66,-2.000
995.78,-9.000
995.91,-29.000
996.03,-11.000
996.15,-9.000
996.28,-39.000
996.40,-30.000
996.53,-3.000
996.65,-4.000
996.78,-6.000
996.90,4.000
997.03,-18.000
997.15,5.000
997.28,-16.000
997.40,2.000
997.53,-5.000
997.65,8.000
997.78,-11.000
997.90,12.000
998.03,-29.000
998.15,3.000
998.28,7.000
998.40,-10.000
998.52,-28.000
998.65,-21.000
998.77,-13.000
998.90,54.000
999.02,-32.000
999.15,0.000
999.27,6.000
999.40,-18.000
999.52,-2.000
999.65,3.000
999.77,-4.000
999.90,-32.000
1000.02,7.000
1000.15,-19.000
1000.27,-24.000
1000.40,1.000
1000.52,-1.000
1000.64,-17.000
1000.77,-19.000
1000.89,-12.000
1001.02,-17.000
1001.14,6.000
1001.27,12.000
1001.39,-11.000
1001.52,-2.000
1001.64,-3.000
1001.77,-20.000
1001.89,1.000
1002.02,-9.000
1002.14,1.000
1002.27,-15.000
1002.39,-18.000
1002.51,-22.000
1002.64,-41.000
1002.76,8.000
1002.89,-30.000
1003.01,9.000
1003.14,2.000
1003.26,-28.000
1003.39,12.000
1003.51,-25.000
1003.64,2.000
1003.76,-46.000
1003.89,21.000
1004.01,-20.000
1004.13,-16.000
1004.26,-10.000
1004.38,0.000
1004.51,-44.000
1004.63,-15.000
1004.76,-1.000
1004.88,-4.000
1005.01,-4.000
1005.13,19.000
1005.26,10.000
1005.38,-22.000
1005.51,33.000
1005.63,-2.000
1005.75,-13.000
1005.88,8.000
1006.00,-28.000
1006.13,-4.000
1006.25,-8.000
1006.38,0.000
1006.50,-4.000
1006.63,2.000
1006.75,4.000
1006.88,-32.000
1007.00,-4.000
1007.12,-9.000
1007.25,-4.000
1007.37,31.000
1007.50,-21.000
1007.62,-27.000
1007.75,-7.000
1007.87,16.000
1008.00,-22.000
1008.12,7.000
1008.25,-24.000
1008.37,-2.000
1008.49,-27.000
1008.62,0.000
1008.74,-7.000
1008.87,-17.000
1008.99,-21.000
1009.12,-12.000
1009.24,-22.000
1009.37,-12.000
1009.49,-8.000
1009.62,-5.000
1009.74,-11.000
1009.86,-8.000
1009.99,3.000
1010.11,-18.000
1010.24,7.000
1010.36,-18.000
1010.49,-8.000
1010.61,20.000
1010.74,-14.000
1010.86,11.000
1010.98,-26.000
1011.11,-34.000
1011.23,10.000
1011.36,-27.000
1011.48,-19.000
1011.61,-35.000
1011.73,22.000
1011.86,56.000
1011.98,-32.000
1012.10,34.000
1012.23,-2.000
1012.35,-17.000
1012.48,-17.000
1012.60,38.000
1012.73,-16.000
1012.85,-1.000
1012.98,-14.000
1013.10,3.000
1013.22,-13.000
1013.35,-10.000
1013.47,-59.000
1013.60,-15.000
1013.72,7.000
1013.85,2.000
1013.97,6.000
1014.10,-3.000
1014.22,-27.000
1014.34,-18.000
1014.47,-5.000
1014.59,35.000
1014.72,-56.000
1014.84,-25.000
1014.97,16.000
1015.09,7.000
1015.22,-3.000
1015.34,-55.000
1015.46,-28.000
1015.59,-29.000
1015.71,17.000
1015.84,16.000
1015.96,-32.000
1016.09,-36.000
1016.21,-20.000
1016.33,-5.000
1016.46,-7.000
1016.58,-8.000
1016.71,-24.000
1016.83,-11.000
1016.96,-22.000
1017.08,-9.000
1017.21,-25.000
1017.33,-17.000
1017.45,-7.000
1017.58,21.000
1017.70,6.000
1017.83,8.000
1017.95,-22.000
1018.08,0.000
1018.20,-26.000
1018.32,-8.000
1018.45,-12.000
1018.57,-16.000
1018.70,6.000
1018.82,48.000
1018.95,-11.000
1019.07,12.000
1019.19,-18.000
1019.32,-26.000
1019.44,-14.000
1019.57,-16.000
1019.69,-3.000
1019.82,-2.000
1019.94,-16.000
1020.07,13.000
1020.19,-19.000
1020.31,-2.000
1020.44,-29.000
1020.56,2.000
1020.69,5.000
1020.81,-12.000
1020.94,5.000
1021.06,-23.000
1021.18,-50.000
1021.31,-10.000
1021.43,-1.000
1021.56,-30.000
1021.68,-15.000
1021.81,-18.000
1021.93,1.000
1022.05,-19.000
1022.18,-19.000
1022.30,13.000
1022.43,-20.000
1022.55,5.000
1022.67,-2.000
1022.80,2.000
1022.92,-18.000
1023.05,2.000
1023.17,12.000
1023.30,12.000
1023.42,-20.000
1023.54,-62.000
1023.67,1.000
1023.79,-18.000
1023.92,-10.000
1024.04,-17.000
1024.17,-12.000
1024.29,3.000
1024.41,3.000
1024.54,-30.000
1024.66,14.000
1024.79,13.000
1024.91,-6.000
1025.04,-3.000
1025.16,-31.000
1025.28,3.000
1025.41,-24.000
1025.53,5.000
1025.66,-12.000
1025.78,-26.000
1025.90,4.000
1026.03,-31.000
1026.15,-4.000
1026.28,-40.000
1026.40,-39.000
1026.53,-17.000
1026.65,2.000
1026.77,-34.000
1026.90,-14.000
1027.02,-13.000
1027.15,-3.000
1027.27,-39.000
1027.39,-25.000
1027.52,-12.000
1027.64,4.000
1027.77,12.000
1027.89,-11.000
1028.02,-37.000
1028.14,10.000
1028.26,-14.000
1028.39,-28.000
1028.51,0.000
1028.64,5.000
1028.76,22.000
1028.88,-29.000
1029.01,-9.000
1029.13,-26.000
1029.26,6.000
1029.38,-6.000
1029.50,-23.000
1029.63,-5.000
1029.75,-5.000
1029.88,-13.000
1030.00,-43.000
1030.13,8.000
1030.25,-27.000
1030.37,-1.000
1030.50,-14.000
1030.62,-14.000
1030.75,-9.000
1030.87,-8.000
1030.99,-15.000
1031.12,-18.000
1031.24,-27.000
1031.37,-22.000
1031.49,-22.000
1031.61,-29.000
1031.74,2.000
1031.86,-4.000
1031.99,-19.000
1032.11,16.000
1032.23,0.000
1032.36,-2.000
1032.48,-14.000
1032.61,-12.000
1032.73,22.000
1032.86,-35.000
1032.98,-7.000
1033.10,0.000
1033.23,-5.000
1033.35,-31.000
1033.48,-4.000
1033.60,-19.000
1033.72,3.000
1033.85,-6.000
1033.97,9.000
1034.10,-1.000
1034.22,-14.000
1034.34,-22.000
1034.47,-19.000
1034.59,2.000
1034.72,2.000
1034.84,-13.000
1034.96,-6.000
1035.09,-38.000
1035.21,-38.000
1035.34,-28.000
1035.46,-33.000
1035.58,3.000
1035.71,-6.000
1035.83,-47.000
1035.96,-20.000
1036.08,-24.000
1036.20,10.000
1036.33,-20.000
1036.45,-11.000
1036.58,9.000
1036.70,-30.000
1036.82,-35.000
1036.95,-8.000
1037.07,12.000
1037.20,-29.000
1037.32,-19.000
1037.44,-17.000
1037.57,-12.000
1037.69,1.000
1037.82,-9.000
1037.94,-30.000
1038.06,15.000
1038.19,-9.000
1038.31,11.000
1038.43,-38.000
1038.56,15.000
1038.68,-57.000
1038.81,-8.000
1038.93,-9.000
1039.05,7.000
1039.18,-6.000
1039.30,1.000
1039.43,6.000
1039.55,-9.000
1039.67,-4.000
1039.80,-44.000
1039.92,7.000
1040.05,-6.000
1040.17,-5.000
1040.29,-11.000
1040.42,-15.000
1040.54,-30.000
1040.67,-14.000
1040.79,30.000
1040.91,-42.000
1041.04,-24.000
1041.16,-11.000
1041.28,28.000
1041.41,-10.000
1041.53,-11.000
1041.66,-2.000
1041.78,19.000
1041.90,-5.000
1042.03,-26.000
1042.15,20.000
1042.28,-14.000
1042.40,-15.000
1042.52,-6.000
1042.65,-4.000
1042.77,-10.000
1042.90,-23.000
1043.02,-35.000
1043.14,-5.000
1043.27,-5.000
1043.39,-34.000
1043.51,-14.000
1043.64,-20.000
1043.76,-23.000
1043.89,15.000
1044.01,2.000
1044.13,1.000
1044.26,-13.000
1044.38,-16.000
1044.50,-21.000
1044.63,-12.000
1044.75,-48.000
1044.88,-9.000
1045.00,18.000
1045.12,-34.000
1045.25,9.000
1045.37,-49.000
1045.50,-2.000
1045.62,2.000
1045.74,-15.000
1045.87,-14.000
1045.99,-18.000
1046.11,-10.000
1046.24,0.000
1046.36,0.000
1046.49,15.000
1046.61,-32.000
1046.73,2.000
1046.86,-21.000
1046.98,-4.000
1047.10,-27.000
1047.23,2.000
1047.35,-12.000
1047.48,-6.000
1047.60,-22.000
1047.72,-2.000
1047.85,-34.000
1047.97,8.000
1048.09,-29.000
1048.22,-6.000
1048.34,0.000
1048.47,-33.000
1048.59,6.000
1048.71,-18.000
1048.84,-28.000
1048.96,8.000
1049.08,-6.000
1049.21,-26.000
1049.33,-31.000
1049.46,-8.000
1049.58,0.000
1049.70,-7.000
1049.83,-4.000
1049.95,-22.000
1050.07,-18.000
1050.20,-6.000
1050.32,3.000
1050.45,-12.000
1050.57,-11.000
1050.69,11.000
1050.82,-15.000
1050.94,-12.000
1051.06,2.000
1051.19,-9.000
1051.31,-13.000
1051.43,35.000
1051.56,-23.000
1051.68,9.000
1051.81,-8.000
1051.93,-2.000
1052.05,3.000
1052.18,14.000
1052.30,-16.000
1052.42,-16.000
1052.55,-7.000
1052.67,-36.000
1052.79,-7.000
1052.92,-23.000
1053.04,-31.000
1053.17,-16.000
1053.29,19.000
1053.41,-13.000
1053.54,-34.000
1053.66,-10.000
1053.78,10.000
1053.91,-9.000
1054.03,-12.000
1054.15,-9.000
1054.28,0.000
1054.40,-15.000
1054.53,13.000
1054.65,-37.000
1054.77,-13.000
1054.90,-4.000
1055.02,-29.000
1055.14,-4.000
1055.27,-28.000
1055.39,9.000
1055.51,-7.000
1055.64,-9.000
1055.76,-12.000
1055.89,25.000
1056.01,-11.000
1056.13,-16.000
1056.26,-33.000
1056.38,-9.000
1056.50,-32.000
1056.63,17.000
1056.75,-22.000
1056.87,-8.000
1057.00,-11.000
1057.12,20.000
1057.24,-27.000
1057.37,-43.000
1057.49,-40.000
1057.61,-11.000
1057.74,-14.000
1057.86,-43.000
1057.99,2.000
1058.11,-12.000
1058.23,-16.000
1058.36,-49.000
1058.48,30.000
1058.60,-1.000
1058.73,-21.000
1058.85,-5.000
1058.97,-18.000
1059.10,39.000
1059.22,-5.000
1059.34,-17.000
1059.47,-23.000
1059.59,6.000
1059.71,-11.000
1059.84,-10.000
1059.96,-37.000
1060.09,16.000
1060.21,-5.000
1060.33,-34.000
1060.46,-22.000
1060.58,-2.000
1060.70,-1.000
1060.83,-7.000
1060.95,-40.000
1061.07,-17.000
1061.20,0.000
1061.32,9.000
1061.44,-6.000
1061.57,-3.000
1061.69,-14.000
1061.81,-15.000
1061.94,-5.000
1062.06,3.000
1062.18,-11.000
1062.31,-20.000
1062.43,14.000
1062.55,8.000
1062.68,28.000
1062.80,-22.000
1062.92,13.000
1063.05,4.000
1063.17,-11.000
1063.30,-5.000
1063.42,-30.000
1063.54,-4.000
1063.67,-11.000
1063.79,-9.000
1063.91,-14.000
1064.04,0.000
1064.16,-13.000
1064.28,2.000
1064.41,-10.000
1064.53,-2.000
1064.65,-24.000
1064.78,-34.000
1064.90,-23.000
1065.02,1.000
1065.15,26.000
1065.27,-16.000
1065.39,47.000
1065.52,-13.000
1065.64,-6.000
1065.76,-7.000
1065.89,-29.000
1066.01,26.000
1066.13,6.000
1066.26,13.000
1066.38,-8.000
1066.50,9.000
1066.63,-32.000
1066.75,-19.000
1066.87,-13.000
1067.00,-24.000
1067.12,-27.000
1067.24,-29.000
1067.37,-33.000
1067.49,-13.000
1067.61,9.000
1067.74,-37.000
1067.86,-13.000
1067.98,30.000
1068.11,15.000
1068.23,-18.000
1068.35,-7.000
1068.48,-26.000
1068.60,-14.000
1068.72,10.000
1068.85,-21.000
1068.97,8.000
1069.09,20.000
1069.22,-22.000
1069.34,-11.000
1069.42,-2.000
1069.54,-12.000
1069.67,-13.000
1069.79,-8.000
1069.92,-31.000
1070.04,-3.000
1070.17,-54.000
1070.29,-7.000
1070.42,1.000
1070.54,-1.000
1070.67,-35.000
1070.79,-43.000
1070.92,32.000
1071.04,2.000
1071.17,-35.000
1071.29,-6.000
1071.42,6.000
1071.54,-29.000
1071.67,-6.000
1071.79,-32.000
1071.92,-54.000
1072.04,2.000
1072.17,-30.000
1072.29,-8.000
1072.42,-12.000
1072.54,-17.000
1072.67,20.000
1072.79,13.000
1072.92,-20.000
1073.04,-22.000
1073.17,-10.000
1073.29,-37.000
1073.42,-35.000
1073.54,18.000
1073.67,-13.000
1073.79,22.000
1073.92,14.000
1074.04,-33.000
1074.16,5.000
1074.29,-16.000
1074.41,-17.000
1074.54,-29.000
1074.66,-23.000
1074.79,-25.000
1074.91,-24.000
1075.04,-24.000
1075.16,-15.000
1075.29,2.000
1075.41,-3.000
1075.54,17.000
1075.66,-5.000
1075.79,6.000
1075.91,-11.000
1076.04,-27.000
1076.16,11.000
1076.29,-49.000
1076.41,-8.000
1076.54,-7.000
1076.66,3.000
1076.79,-12.000
1076.91,32.000
1077.04,-27.000
1077.16,-27.000
1077.28,-38.000
1077.41,-10.000
1077.53,-36.000
1077.66,-11.000
1077.78,17.000
1077.91,-27.000
1078.03,-28.000
1078.16,56.000
1078.28,-11.000
1078.41,-14.000
1078.53,-13.000
1078.66,-13.000
1078.78,-23.000
1078.91,-5.000
1079.03,-15.000
1079.16,-20.000
1079.28,-3.000
1079.41,-7.000
1079.53,-47.000
1079.66,-34.000
1079.78,-15.000
1079.90,-22.000
1080.03,-30.000
1080.15,-9.000
1080.28,-29.000
1080.40,-13.000
1080.53,-5.000
1080.65,-21.000
1080.78,17.000
1080.90,3.000
1081.03,-23.000
1081.15,5.000
1081.28,-32.000
1081.40,7.000
1081.53,-33.000
1081.65,-13.000
1081.78,-25.000
1081.90,8.000
1082.02,-36.000
1082.15,5.000
1082.27,-22.000
1082.40,16.000
1082.52,-20.000
1082.65,-9.000
1082.77,1.000
1082.90,-8.000
1083.02,-33.000
1083.15,-26.000
1083.27,5.000
1083.40,-5.000
1083.52,-12.000
1083.65,-38.000
1083.77,-23.000
1083.89,-9.000
1084.02,-25.000
1084.14,1.000
1084.27,12.000
1084.39,-13.000
1084.52,-29.000
1084.64,-45.000
1084.77,-26.000
1084.89,-23.000
1085.02,-6.000
1085.14,28.000
1085.27,-25.000
1085.39,-32.000
1085.52,-25.000
1085.64,-24.000
1085.76,-11.000
1085.89,-21.000
1086.01,-11.000
1086.14,-36.000
1086.26,-32.000
1086.39,-2.000
1086.51,-14.000
1086.64,20.000
1086.76,-22.000
1086.89,-19.000
1087.01,-29.000
1087.13,-32.000
1087.26,-41.000
1087.38,-32.000
1087.51,-10.000
1087.63,-16.000
1087.76,-22.000
1087.88,-9.000
1088.01,-35.000
1088.13,-3.000
1088.26,-16.000
1088.38,-33.000
1088.51,3.000
1088.63,-13.000
1088.75,-4.000
1088.88,6.000
1089.00,6.000
1089.13,-24.000
1089.25,-31.000
1089.38,-15.000
1089.50,13.000
1089.63,-13.000
1089.75,-12.000
1089.88,-29.000
1090.00,-16.000
1090.12,-15.000
1090.25,-5.000
1090.37,-4.000
1090.50,-2.000
1090.62,-5.000
1090.75,18.000
1090.87,-14.000
1091.00,-8.000
1091.12,23.000
1091.25,-9.000
1091.37,0.000
1091.49,13.000
1091.62,-42.000
1091.74,-16.000
1091.87,13.000
1091.99,-12.000
1092.12,7.000
1092.24,-10.000
1092.37,13.000
1092.49,-30.000
1092.61,24.000
1092.74,-20.000
1092.86,-47.000
1092.99,-8.000
1093.11,8.000
1093.24,-41.000
1093.36,15.000
1093.49,-20.000
1093.61,-25.000
1093.74,11.000
1093.86,3.000
1093.98,-18.000
1094.11,-14.000
1094.23,-41.000
1094.36,-38.000
1094.48,-29.000
1094.61,24.000
1094.73,-11.000
1094.86,-23.000
1094.98,8.000
1095.10,-51.000
1095.23,-11.000
1095.35,1.000
1095.48,-42.000
1095.60,-14.000
1095.73,5.000
1095.85,-27.000
1095.98,40.000
1096.10,-12.000
1096.22,-23.000
1096.35,-17.000
1096.47,-67.000
1096.60,-20.000
1096.72,5.000
1096.85,-3.000
1096.97,-28.000
1097.10,0.000
1097.22,-20.000
1097.34,6.000
1097.47,-7.000
1097.59,-2.000
1097.72,-30.000
1097.84,-16.000
1097.97,8.000
1098.09,24.000
1098.21,5.000
1098.34,13.000
1098.46,-19.000
1098.59,2.000
1098.71,-19.000
1098.84,-18.000
1098.96,-18.000
1099.09,35.000
1099.21,-38.000
1099.33,-23.000
1099.46,-1.000
1099.58,-14.000
1099.71,22.000
1099.83,22.000
1099.96,-14.000
1100.08,-41.000
1100.20,9.000
1100.33,-28.000
1100.45,3.000
1100.58,-7.000
1100.70,-5.000
1100.83,-42.000
1100.95,-1.000
1101.08,-5.000
1101.20,-40.000
1101.32,-15.000
1101.45,12.000
1101.57,-2.000
1101.70,-12.000
1101.82,-1.000
1101.95,15.000
1102.07,-25.000
1102.19,-12.000
1102.32,-10.000
1102.44,9.000
1102.57,-6.000
1102.69,10.000
1102.82,-3.000
1102.94,-24.000
1103.06,-30.000
1103.19,11.000
1103.31,17.000
1103.44,-14.000
1103.56,-6.000
1103.69,-16.000
1103.81,-26.000
1103.93,21.000
1104.06,7.000
1104.18,-12.000
1104.31,6.000
1104.43,-29.000
1104.56,8.000
1104.68,-26.000
1104.80,-17.000
1104.93,-20.000
1105.05,-3.000
1105.18,19.000
1105.30,-37.000
1105.43,-10.000
1105.55,18.000
1105.67,14.000
1105.80,-4.000
1105.92,-2.000
1106.05,-4.000
1106.17,-41.000
1106.30,-20.000
1106.42,-14.000
1106.54,8.000
1106.67,-52.000
1106.79,-21.000
1106.92,17.000
1107.04,9.000
1107.16,2.000
1107.29,-28.000
1107.41,-21.000
1107.54,32.000
1107.66,6.000
1107.79,-17.000
1107.91,25.000
1108.03,-2.000
1108.16,34.000
1108.28,26.000
1108.41,-7.000
1108.53,-5.000
1108.66,-26.000
1108.78,-3.000
1108.90,-50.000
1109.03,-25.000
1109.15,-7.000
1109.28,-19.000
1109.40,-7.000
1109.52,7.000
1109.65,-5.000
1109.77,-25.000
1109.90,18.000
1110.02,-15.000
1110.15,-36.000
1110.27,-52.000
1110.39,-28.000
1110.52,-24.000
1110.64,12.000
1110.77,-2.000
1110.89,-9.000
1111.01,-10.000
1111.14,-16.000
1111.26,-16.000
1111.39,-11.000
1111.51,1.000
1111.64,6.000
1111.76,-18.000
1111.88,3.000
1112.01,26.000
1112.13,-22.000
1112.26,-3.000
1112.38,12.000
1112.50,-14.000
1112.63,7.000
1112.75,21.000
1112.88,-14.000
1113.00,-10.000
1113.12,11.000
1113.25,-18.000
1113.37,-36.000
1113.50,-24.000
1113.62,3.000
1113.75,11.000
1113.87,-31.000
1113.99,7.000
1114.12,-25.000
1114.24,7.000
1114.37,-33.000
1114.49,-15.000
1114.61,-19.000
1114.74,4.000
1114.86,-16.000
1114.99,11.000
1115.11,-10.000
1115.23,-24.000
1115.36,-1.000
1115.48,8.000
1115.61,-36.000
1115.73,-35.000
1115.85,6.000
1115.98,-25.000
1116.10,-24.000
1116.23,-5.000
1116.35,-7.000
1116.47,0.000
1116.60,-20.000
1116.72,-3.000
1116.85,-20.000
1116.97,-6.000
1117.09,16.000
1117.22,-7.000
1117.34,-27.000
1117.47,-2.000
1117.59,6.000
1117.71,-10.000
1117.84,-17.000
1117.96,-29.000
1118.09,-41.000
1118.21,-5.000
1118.33,-36.000
1118.46,14.000
1118.58,-11.000
1118.71,-23.000
1118.83,-4.000
1118.95,17.000
1119.08,-47.000
1119.20,-14.000
1119.33,-7.000
1119.45,-21.000
1119.57,-18.000
1119.70,15.000
1119.82,-72.000
1119.95,-18.000
1120.07,3.000
1120.19,0.000
1120.32,-12.000
1120.44,3.000
1120.57,-15.000
1120.69,-6.000
1120.81,-17.000
1120.94,-9.000
1121.06,-20.000
1121.19,34.000
1121.31,-18.000
1121.43,33.000
1121.56,-32.000
1121.68,-42.000
1121.81,-32.000
1121.93,-4.000
1122.05,-31.000
1122.18,-53.000
1122.30,-29.000
1122.43,11.000
1122.55,-14.000
1122.67,-17.000
1122.80,-17.000
1122.92,25.000
1123.05,-4.000
1123.17,-12.000
1123.29,-13.000
1123.42,-8.000
1123.54,3.000
1123.66,-26.000
1123.79,4.000
1123.91,-27.000
1124.04,-17.000
1124.16,-2.000
1124.28,9.000
1124.41,-26.000
1124.53,-17.000
1124.66,0.000
1124.78,-19.000
1124.90,-1.000
1125.03,-35.000
1125.15,0.000
1125.28,0.000
1125.40,4.000
1125.52,-23.000
1125.65,7.000
1125.77,-18.000
1125.89,-10.000
1126.02,-11.000
1126.14,-30.000
1126.27,10.000
1126.39,-39.000
1126.51,13.000
1126.64,-12.000
1126.76,4.000
1126.89,18.000
1127.01,-17.000
1127.13,8.000
1127.26,20.000
1127.38,-27.000
1127.50,-38.000
1127.63,-23.000
1127.75,-32.000
1127.88,-36.000
1128.00,6.000
1128.12,15.000
1128.25,15.000
1128.37,-26.000
1128.50,-8.000
1128.62,-20.000
1128.74,13.000
1128.87,-30.000
1128.99,37.000
1129.11,23.000
1129.24,-28.000
1129.36,-5.000
1129.49,-3.000
1129.61,-6.000
1129.73,-34.000
1129.86,-20.000
1129.98,-12.000
1130.10,-11.000
1130.23,0.000
1130.35,-18.000
1130.48,-15.000
1130.60,-18.000
1130.72,-48.000
1130.85,-5.000
1130.97,-2.000
1131.09,-17.000
1131.22,-1.000
1131.34,-9.000
1131.47,8.000
1131.59,-56.000
1131.71,-4.000
1131.84,5.000
1131.96,-43.000
1132.08,-6.000
1132.21,-20.000
1132.33,-9.000
1132.46,1.000
1132.58,-8.000
1132.70,-8.000
1132.83,19.000
1132.95,-29.000
1133.07,-36.000
1133.20,26.000
1133.32,-22.000
1133.45,-25.000
1133.57,-42.000
1133.69,-18.000
1133.82,-23.000
1133.94,4.000
1134.06,-59.000
1134.19,-35.000
1134.31,-1.000
1134.43,-33.000
1134.56,41.000
1134.68,-34.000
1134.81,13.000
1134.93,1.000
1135.05,-20.000
1135.18,5.000
1135.30,6.000
1135.42,6.000
1135.55,28.000
1135.67,2.000
1135.80,-30.000
1135.92,12.000
1136.04,6.000
1136.17,-19.000
1136.29,4.000
1136.41,15.000
1136.54,-36.000
1136.66,4.000
1136.78,-14.000
1136.91,-8.000
1137.03,-38.000
1137.16,-37.000
1137.28,-4.000
1137.40,-19.000
1137.53,8.000
1137.65,-20.000
1137.77,-2.000
1137.90,8.000
1138.02,-5.000
1138.14,3.000
1138.27,-5.000
1138.39,-29.000
1138.52,-12.000
1138.64,5.000
1138.76,-24.000
1138.89,-8.000
1139.01,16.000
1139.13,-12.000
1139.26,4.000
1139.38,-13.000
1139.50,27.000
1139.63,-15.000
1139.75,-10.000
1139.87,7.000
1140.00,9.000
1140.12,-7.000
1140.25,-15.000
1140.37,2.000
1140.49,-17.000
1140.62,-36.000
1140.74,-31.000
1140.86,-9.000
1140.99,11.000
1141.11,27.000
1141.23,-14.000
1141.36,-5.000
1141.48,-8.000
1141.60,-13.000
1141.73,-34.000
1141.85,7.000
1141.97,26.000
1142.10,-37.000
1142.22,28.000
1142.35,-16.000
1142.47,-10.000
1142.59,-33.000
1142.72,-23.000
1142.84,-15.000
1142.96,-42.000
1143.09,-14.000
1143.21,-30.000
1143.33,-32.000
1143.46,-23.000
1143.58,-5.000
1143.70,-23.000
1143.83,-22.000
1143.95,-23.000
1144.07,-11.000
1144.20,38.000
1144.32,-17.000
1144.45,-7.000
1144.57,-9.000
1144.69,-28.000
1144.82,2.000
1144.94,-1.000
1145.06,5.000
1145.19,-7.000
1145.31,13.000
1145.43,-18.000
1145.56,-32.000
1145.68,-21.000
1145.80,3.000
1145.93,-14.000
1146.05,-6.000
1146.17,24.000
1146.30,-41.000
1146.42,-21.000
1146.54,11.000
1146.67,-25.000
1146.79,7.000
1146.91,-21.000
1147.04,-1.000
1147.16,-15.000
1147.28,18.000
1147.41,-2.000
1147.53,4.000
1147.65,9.000
1147.78,2.000
1147.90,7.000
1148.03,-28.000
1148.15,16.000
1148.27,-35.000
1148.40,-10.000
1148.52,12.000
1148.64,-47.000
1148.77,-25.000
1148.89,-12.000
1149.01,-2.000
1149.14,1.000
1149.26,-36.000
1149.38,-19.000
1149.51,-30.000
1149.63,14.000
1149.75,-15.000
1149.88,-1.000
1150.00,-27.000
1150.12,-13.000
1150.25,-17.000
1150.37,-16.000
1150.49,-8.000
1150.62,7.000
1150.74,-20.000
1150.86,-19.000
1150.99,8.000
1151.11,-12.000
1151.23,16.000
1151.36,-31.000
1151.48,19.000
1151.60,18.000
1151.73,-30.000
1151.85,-14.000
1151.97,2.000
1152.10,-9.000
1152.22,20.000
1152.34,-25.000
1152.47,-19.000
1152.59,8.000
1152.71,4.000
1152.84,1.000
1152.96,21.000
1153.08,-8.000
1153.21,27.000
1153.33,-35.000
1153.45,12.000
1153.58,14.000
1153.70,-3.000
1153.82,-4.000
1153.95,20.000
1154.07,-11.000
1154.19,-35.000
1154.32,-1.000
1154.44,25.000
1154.56,-51.000
1154.69,-22.000
1154.81,30.000
1154.93,-5.000
1155.06,11.000
1155.18,-19.000
1155.30,-17.000
1155.43,-14.000
1155.55,-8.000
1155.67,-8.000
1155.79,-7.000
1155.92,-27.000
1156.04,-35.000
1156.16,-6.000
1156.29,-23.000
1156.41,3.000
1156.53,3.000
1156.66,-8.000
1156.78,1.000
1156.90,-16.000
1157.03,-21.000
1157.15,-14.000
1157.27,25.000
1157.40,11.000
1157.52,-16.000
1157.64,-17.000
1157.77,-4.000
1157.89,-21.000
1158.01,-15.000
1158.14,-14.000
1158.26,26.000
1158.38,-12.000
1158.51,-4.000
1158.63,13.000
1158.75,-12.000
1158.88,4.000
1159.00,10.000
1159.12,-2.000
1159.24,-22.000
1159.37,30.000
1159.49,-17.000
1159.61,-19.000
1159.74,-11.000
1159.86,-5.000
1159.98,-3.000
1160.11,-4.000
1160.23,-26.000
1160.35,-23.000
1160.48,-8.000
1160.60,-55.000
1160.72,-20.000
1160.85,-12.000
1160.97,-23.000
1161.09,-8.000
1161.22,25.000
1161.34,-24.000
1161.46,8.000
1161.58,19.000
1161.71,-21.000
1161.83,-16.000
1161.95,9.000
1162.08,-29.000
1162.20,-8.000
1162.32,-30.000
1162.45,-21.000
1162.57,-28.000
1162.69,-7.000
1162.82,0.000
1162.94,-10.000
1163.06,-16.000
1163.19,-19.000
1163.31,-30.000
1163.43,-17.000
1163.55,6.000
1163.68,-2.000
1163.80,-27.000
1163.92,-40.000
1164.05,11.000
1164.17,-52.000
1164.29,8.000
1164.42,-3.000
1164.54,-24.000
1164.66,17.000
1164.79,-9.000
1164.91,-11.000
1165.03,5.000
1165.15,3.000
1165.28,-24.000
1165.40,-21.000
1165.52,-10.000
1165.65,8.000
1165.77,-19.000
1165.89,7.000
1166.02,5.000
1166.14,-3.000
1166.26,-27.000
1166.38,-16.000
1166.51,13.000
1166.63,24.000
1166.75,1.000
1166.88,11.000
1167.00,9.000
1167.12,-21.000
1167.25,21.000
1167.37,-2.000
1167.49,8.000
1167.61,-19.000
1167.74,-15.000
1167.86,-22.000
1167.98,-35.000
1168.11,0.000
1168.23,-17.000
1168.35,2.000
1168.48,-9.000
1168.60,-3.000
1168.72,26.000
1168.84,-24.000
1168.97,-14.000
1169.09,7.000
1169.21,-30.000
1169.34,-11.000
1169.46,2.000
1169.58,0.000
1169.71,-25.000
1169.83,-17.000
1169.95,-30.000
1170.07,13.000
1170.20,-5.000
1170.32,-26.000
1170.44,-28.000
1170.57,36.000
1170.69,-43.000
1170.81,-19.000
1170.93,3.000
1171.06,33.000
1171.18,-1.000
1171.30,5.000
1171.43,-36.000
1171.55,13.000
1171.67,-22.000
1171.80,15.000
1171.92,-16.000
1172.04,-13.000
1172.16,-12.000
1172.29,-10.000
1172.41,5.000
1172.53,-37.000
1172.66,5.000
1172.78,-18.000
1172.90,-12.000
1173.02,-33.000
1173.15,14.000
1173.27,11.000
1173.39,-16.000
1173.52,-36.000
1173.64,-1.000
1173.76,-6.000
1173.88,16.000
1174.01,1.000
1174.13,-15.000
1174.25,-23.000
1174.38,19.000
1174.50,-16.000
1174.62,-12.000
1174.74,45.000
1174.87,-6.000
1174.99,-36.000
1175.11,26.000
1175.24,-22.000
1175.36,-2.000
1175.48,-2.000
1175.60,-50.000
1175.73,-36.000
1175.85,-2.000
1175.97,30.000
1176.10,-13.000
1176.22,9.000
1176.34,-13.000
1176.46,-20.000
1176.59,7.000
1176.71,-17.000
1176.83,-5.000
1176.95,-23.000
1177.08,-10.000
1177.20,21.000
1177.32,-39.000
1177.45,3.000
1177.57,-20.000
1177.69,-12.000
1177.81,-3.000
1177.94,-18.000
1178.06,-17.000
1178.18,0.000
1178.31,-16.000
1178.43,-1.000
1178.55,-37.000
1178.67,-16.000
1178.80,-8.000
1178.92,-15.000
1179.04,11.000
1179.16,9.000
1179.29,-11.000
1179.41,7.000
1179.53,29.000
1179.66,9.000
1179.78,-19.000
1179.90,-21.000
1180.02,9.000
1180.15,-25.000
1180.27,-11.000
1180.39,6.000
1180.51,35.000
1180.64,-44.000
1180.76,-23.000
1180.88,7.000
1181.01,-7.000
1181.13,-29.000
1181.25,-18.000
1181.37,-27.000
1181.50,12.000
1181.62,-22.000
1181.74,25.000
1181.86,8.000
1181.99,2.000
1182.11,-7.000
1182.23,1.000
1182.36,-38.000
1182.48,-6.000
1182.60,3.000
1182.72,-4.000
1182.85,-3.000
1182.97,-41.000
1183.09,4.000
1183.21,-9.000
1183.34,2.000
1183.46,-21.000
1183.58,-10.000
1183.70,22.000
1183.83,4.000
1183.95,-8.000
1184.07,-27.000
1184.20,9.000
1184.32,-21.000
1184.44,-22.000
1184.56,-26.000
1184.69,19.000
1184.81,-17.000
1184.93,-18.000
1185.05,-2.000
1185.18,-1.000
1185.30,29.000
1185.42,-20.000
1185.54,29.000
1185.67,-29.000
1185.79,16.000
1185.91,-15.000
1186.03,6.000
1186.16,8.000
1186.28,-13.000
1186.40,12.000
1186.53,-12.000
1186.65,2.000
1186.77,-9.000
1186.89,7.000
1187.02,-2.000
1187.14,6.000
1187.26,-3.000
1187.38,-37.000
1187.51,-31.000
1187.63,-24.000
1187.75,-18.000
1187.87,-3.000
1188.00,-34.000
1188.12,-10.000
1188.24,-16.000
1188.36,15.000
1188.49,8.000
1188.61,9.000
1188.73,6.000
1188.85,-39.000
1188.98,24.000
1189.10,15.000
1189.22,-10.000
1189.34,-5.000
1189.47,-9.000
1189.59,-25.000
1189.71,2.000
1189.83,13.000
1189.96,-28.000
1190.01,-31.000
1190.13,-15.000
1190.26,14.000
1190.38,-2.000
1190.50,-2.000
1190.62,10.000
1190.75,-6.000
1190.87,5.000
1190.99,-10.000
1191.11,-19.000
1191.24,-25.000
1191.36,-32.000
1191.48,16.000
1191.60,-22.000
1191.73,-18.000
1191.85,-26.000
1191.97,-22.000
1192.09,5.000
1192.22,-24.000
1192.34,15.000
1192.46,-36.000
1192.59,8.000
1192.71,-9.000
1192.83,-21.000
1192.95,0.000
1193.08,-18.000
1193.20,15.000
1193.32,-29.000
1193.44,-24.000
1193.57,7.000
1193.69,-29.000
1193.81,-9.000
1193.93,-9.000
1194.06,-4.000
1194.18,-53.000
1194.30,-45.000
1194.42,-18.000
1194.55,0.000
1194.67,-30.000
1194.79,-2.000
1194.91,-10.000
1195.04,-45.000
1195.16,-16.000
1195.28,-26.000
1195.40,13.000
1195.53,-35.000
1195.65,8.000
1195.77,3.000
1195.89,-36.000
1196.02,15.000
1196.14,3.000
1196.26,-12.000
1196.38,2.000
1196.51,5.000
1196.63,12.000
1196.75,2.000
1196.87,-26.000
1197.00,16.000
1197.12,-6.000
1197.24,-4.000
1197.36,-14.000
1197.49,-29.000
1197.61,-42.000
1197.73,-7.000
1197.85,-41.000
1197.98,18.000
1198.10,-62.000
1198.22,14.000
1198.34,1.000
1198.46,-49.000
1198.59,-11.000
1198.71,-5.000
1198.83,-32.000
1198.95,10.000
1199.08,-21.000
1199.20,0.000
1199.32,-35.000
1199.44,-32.000
1199.57,-2.000
1199.69,-23.000
1199.81,-19.000
1199.93,21.000
1200.06,-55.000
